local_model,query_label,query_text,original_response,ha_response,total_latency_ms,p1_latency_ms,rephrase_model,personality_prompt_tok,original_tok,rephrase_input_tok,rephrased_tok,rephrase_latency_ms,total_tokens
Qwen3-VL,lights_on,Turn on the kitchen lights,"Kitchen lights are now on, Paul. Hope you’re not planning to cook something that requires a stage light.","Kitchen lights are on now, Paul. Hope you're not planning to cook something that requires stage lighting.",2099,1398,claude-haiku-4-5,629,26,719,26,701,771
Qwen3-VL,lights_off,Turn off all the lights in the Dining Room and Kitchen,"Dining Room and Kitchen lights are now off, Paul. The ceiling spots and the kitchen ceiling are both dark as midnight.","Dining Room and Kitchen lights are now off, Paul. The ceiling spots and the kitchen ceiling are both dark as midnight.",3308,2757,claude-haiku-4-5,629,29,722,29,551,780
Qwen3-VL,weather,What's the weather like today?,"Twelve degrees, mostly cloudy with a chance of rain later tonight. If you’re planning anything outside, bring an umbrella — or a raincoat, if you’re feeling fancy.","Twelve degrees, mostly cloudy with rain rolling in tonight. If you're venturing outside, an umbrella's the bare minimum. A raincoat if you want to pretend you've got your life together.",2333,1258,claude-haiku-4-5,629,40,733,46,1075,819
Qwen3-VL,music,Play something by Radiohead in the kitchen,"Radiohead is now playing in the kitchen, Paul. Let the existential dread begin.","Radiohead is now playing in the kitchen, Paul. Let the existential dread commence.",1874,1381,claude-haiku-4-5,629,19,712,20,493,751
Qwen3-VL,general,Tell me something interesting,"Sure thing, Paul. Did you know that the average person spends about twelve hours a day staring at screens? I’ve got a whole room full of lights and devices that could probably outshine that screen time. Or, you know, I could just turn them off and pretend you’re not working by the glow of your monitor. Either way, you’re not alone in this digital age.","Paul, twelve hours a day staring at screens—that's the average. I've got enough lights and devices in here to compete with that, though turning them all off and letting you work by monitor glow alone has a certain appeal. At least you're in good company with the rest of the digitally addicted.",2791,1370,claude-haiku-4-5,629,88,781,73,1421,942
Qwen3,lights_on,Turn on the kitchen lights,"Kitchen lights are on, Paul. Though I suspect the only thing they're illuminating is the lingering scent of last night's lasagna.","Kitchen lights are on, Paul. Though I suspect the only thing they're illuminating is the lingering scent of last night's lasagna.",2691,1983,claude-haiku-4-5,629,32,725,32,708,789
Qwen3,lights_off,Turn off all the lights in the Dining Room and Kitchen,"Kitchen lights are off, Paul. The Dining Room lights were already out — no need to disturb the ghosts.","Kitchen lights are off, Paul. The Dining Room lights were already out, so no need to disturb the ghosts.",2524,1949,claude-haiku-4-5,629,25,718,26,575,769
Qwen3,weather,What's the weather like today?,"Twelve degrees, cloudy with rain expected after ten PM. I'd suggest turning on the living room heater before the storm hits — it's not like we have a choice.","Twelve degrees, cloudy with rain expected after ten PM. I'd suggest turning on the living room heater before the storm hits. Might as well get ahead of it.",1744,1088,claude-haiku-4-5,629,39,732,38,656,809
Qwen3,music,Play something by Radiohead in the kitchen,"Radiohead is now playing in the kitchen, Paul. Let's hope the neighbours don't think we're hosting a private concert.","Radiohead is now playing in the kitchen, Paul. Let's hope the neighbours don't think you're hosting a private concert.",1783,1196,claude-haiku-4-5,629,29,722,29,587,780
Qwen3,general,Tell me something interesting,"Paul, did you know the average person blinks about 15 times per minute? That's nearly 22,000 blinks a day. I suppose that's why you've been staring at your screen for the past three hours without noticing — your eyes are busy doing their job while you're too busy not doing anything at all.","Paul, fifteen blinks per minute, roughly twenty-two thousand a day. Though in your case, I suspect those blinks are the only movement you've managed in the past three hours. Screen-induced catatonia—a cybersecurity manager's occupational hazard.",2617,1075,claude-haiku-4-5,629,72,765,61,1542,898
GPTOSS,lights_on,Turn on the kitchen lights,"Kitchen lights are now on, Paul.","Kitchen lights are on now, Paul. Took you long enough to ask.",2802,2044,claude-haiku-4-5,629,8,701,15,758,724
GPTOSS,lights_off,Turn off all the lights in the Dining Room and Kitchen,"Dining Room lights out, Kitchen lights out.",Dining room lights are out. Kitchen lights are out. Apparently we're eating in the dark tonight.,2710,1985,claude-haiku-4-5,629,10,703,24,725,737
GPTOSS,weather,What's the weather like today?,"Fourteen degrees, cloud cover hanging over the sky. A light mist might fall later, but nothing that would make you consider a raincoat. Stay dry, Paul.","Fourteen degrees, clouds blanketing the sky. Light mist might drift in later, but nothing that'll have you hunting for a raincoat. You'll stay dry enough, Paul.",1869,1077,claude-haiku-4-5,629,37,730,40,792,807
GPTOSS,music,Play something by Radiohead in the kitchen,"Radiohead is now playing in the kitchen, Paul. Enjoy the sonic assault.","Radiohead is now playing in the kitchen, Paul. Enjoy the sonic assault.",1785,1249,claude-haiku-4-5,629,17,710,17,536,744
GPTOSS,general,Tell me something interesting,"Did you know that the first computer bug was an actual moth? In 1947, engineers at the Harvard Mark II found a moth trapped in a relay, causing a malfunction. They logged it as the “first actual case of bug fixing.” A little insect, a big legacy.","You know, Paul, back in nineteen forty-seven, some Harvard engineers found an actual moth stuck in a relay of the Mark II computer. Thing was causing malfunctions left and right. They logged it as the first actual case of bug fixing. Bit ironic, really—we've been battling bugs ever since, and it all started with an insect that had no idea what it was doing. Rather fitting metaphor for half the code I've seen.",2613,907,claude-haiku-4-5,629,61,754,103,1706,918
Gemma4,lights_on,Turn on the kitchen lights,"Kitchen lights are on, Paul. Hopefully, you're actually planning on cooking something and not just looking for a midnight snack.","Kitchen lights are on, Paul. Hopefully you're actually planning on cooking something and not just raiding the fridge at midnight again.",3517,2828,claude-haiku-4-5,629,32,725,33,689,790
Gemma4,lights_off,Turn off all the lights in the Dining Room and Kitchen,"Dining Room and Kitchen lights are off, Paul. I've successfully banished the shadows from those areas.","Dining room and kitchen lights are off, Paul. Apparently we're embracing the darkness in those areas.",2890,2302,claude-haiku-4-5,629,25,718,25,588,768
Gemma4,weather,What's the weather like today?,"It is currently fourteen degrees, Paul. Looking ahead to ten PM, it will be thirteen degrees and likely to rain, followed by moderate precipitation around eleven PM. I would suggest staying indoors unless you've developed an interest in water sports.","Fourteen degrees out there, Paul. By ten PM it'll drop to thirteen and the rain moves in. Around eleven you're looking at moderate precipitation—the kind that makes you question your life choices. Stay inside unless you've suddenly taken up competitive drowning.",2896,1701,claude-haiku-4-5,629,62,755,65,1195,882
Gemma4,music,Play something by Radiohead in the kitchen,"Right away, Paul. Radiohead is now playing in the kitchen. Try not to contemplate the existential dread too intensely while you're making tea.","Right away, Paul. Radiohead is now playing in the kitchen. Try not to contemplate the existential dread too intensely while you're making tea.",2391,1884,claude-haiku-4-5,629,35,728,35,507,798
Gemma4,general,Tell me something interesting,"Since you're a cybersecurity manager, you might appreciate a bit of human error. For over one hundred years, The New York Times misnumbered their editions. Back in eighteen ninety eight, an editor accidentally jumped from issue fourteen thousand four hundred and ninety nine straight to fifteen thousand. They didn't realize the mistake until nineteen ninety nine. 
It's a rather impressive display of consistency in failure, don't you think?","Since you're in cybersecurity, you'll appreciate the poetry of human error. The New York Times spent over one hundred years misnumbering their editions. Back in eighteen ninety eight, some editor got creative and jumped from issue fourteen thousand four hundred and ninety nine straight to fifteen thousand. Nobody noticed until nineteen ninety nine. That's commitment to a mistake, Paul. Makes most security breaches look like honest oversights.",6462,3488,claude-haiku-4-5,629,110,803,111,2974,1024